Date,Grand Targhee (1082) Air Temperature Average (degF),Phillips Bench Air temp F
7/1/15,61.9,64.9
7/2/15,62.4,64.6
7/3/15,62.8,64.8
7/4/15,62.4,66.7
7/5/15,53.6,57.4
7/6/15,52,52.2
7/7/15,53.6,55.9
7/8/15,49.1,51.3
7/9/15,50,51.3
7/10/15,47.3,48.4
7/11/15,49.3,53.6
7/12/15,52.3,57.0
7/13/15,51.1,54.0
7/14/15,53.6,56.5
7/15/15,48.9,51.3
7/16/15,52.5,56.5
7/17/15,46.4,53.6
7/18/15,45.1,47.5
7/19/15,48.6,52.0
7/20/15,52.5,52.0
7/21/15,55.2,56.8
7/22/15,53.4,55.0
7/23/15,48.9,53.2
7/24/15,51.6,54.0
7/25/15,54.1,55.6
7/26/15,57.9,59.7
7/27/15,41.5,47.1
7/28/15,38.8,44.1
7/29/15,48.7,51.3
7/30/15,55.8,57.2
7/31/15,59.2,61.2
8/1/15,61.3,63.3
8/2/15,63.5,64.4
8/3/15,54.9,57.6
8/4/15,52.5,56.8
8/5/15,50,53.2
8/6/15,49.8,53.6
8/7/15,52.5,55.0
8/8/15,44.1,47.1
8/9/15,49.3,51.6
8/10/15,56.5,56.8
8/11/15,61.2,61.5
8/12/15,57.9,60.4
8/13/15,60.8,61.5
8/14/15,58.5,59.5
8/15/15,56.3,60.4
8/16/15,53.1,57.9
8/17/15,49.8,54.0
8/18/15,46.6,49.6
8/19/15,48.7,52.0
8/20/15,52.7,55.6
8/21/15,54.5,59.5
8/22/15,46.2,51.3
8/23/15,53.4,53.8
8/24/15,60.4,61.3
8/25/15,62.8,63.7
8/26/15,54.5,53.4
8/27/15,53.2,53.2
8/28/15,57.7,58.8
8/29/15,59.4,61.2
8/30/15,53.1,56.8
8/31/15,50,55.4
9/1/15,56.5,59.0
9/2/15,58.5,60.3
9/3/15,54.5,58.1
9/4/15,53.4,55.6
9/5/15,39.4,44.6
9/6/15,37,41.5
9/7/15,42.3,47.8
9/8/15,45.3,49.5
9/9/15,50.7,53.6
9/10/15,52.9,55.6
9/11/15,55.6,56.5
9/12/15,56.5,58.1
9/13/15,55.8,58.1
9/14/15,50.9,56.8
9/15/15,40.8,43.9
9/16/15,34.3,38.3
9/17/15,33.4,36.3
9/18/15,35.4,38.3
9/19/15,40.3,43.5
9/20/15,46.2,49.1
9/21/15,50.7,52.7
9/22/15,54.7,55.0
9/23/15,54,55.2
9/24/15,55.2,55.6
9/25/15,58.3,57.7
9/26/15,56.3,58.5
9/27/15,52.2,55.8
9/28/15,48.9,52.9
9/29/15,50.4,51.3
9/30/15,52.5,54.0
10/1/15,52.9,53.6
10/2/15,40.8,43.7
10/3/15,38.8,42.1
10/4/15,41.7,42.3
10/5/15,45.5,46.4
10/6/15,44.8,44.8
10/7/15,44.4,47.1
10/8/15,43.5,47.8
10/9/15,48.6,49.3
10/10/15,52.3,52.5
10/11/15,41.5,46.8
10/12/15,44.1,45.7
10/13/15,46.4,50.7
10/14/15,46.6,49.8
10/15/15,47.7,47.5
10/16/15,49.6,47.5
10/17/15,49.6,50.2
10/18/15,42.8,46.9
10/19/15,38.3,41.0
10/20/15,34,37.4
10/21/15,37.2,37.2
10/22/15,36.5,40.6
10/23/15,33.3,37.4
10/24/15,35.8,39.4
10/25/15,39.4,41.5
10/26/15,33.1,37.2
10/27/15,26.8,31.6
10/28/15,30,33.6
10/29/15,29.1,33.4
10/30/15,26.4,31.8
10/31/15,34.5,39.2
11/1/15,33.3,37.4
11/2/15,32.2,33.1
11/3/15,30.4,32.5
11/4/15,21.7,26.8
11/5/15,18.3,23.4
11/6/15,17.6,22.1
11/7/15,22.5,22.5
11/8/15,29.7,27.3
11/9/15,28.2,29.7
11/10/15,19.2,24.3
11/11/15,15.4,22.6
11/12/15,19.8,25.7
11/13/15,23.9,28.0
11/14/15,33.3,31.6
11/15/15,32.2,31.3
11/16/15,21.4,26.4
11/17/15,16.3,23.0
11/18/15,16.2,22.8
11/19/15,20.1,25.9
11/20/15,10.9,17.1
11/21/15,12.6,14.4
11/22/15,25.5,22.3
11/23/15,31.3,28.8
11/24/15,30.2,30.2
11/25/15,23.7,24.4
11/26/15,11.1,14.0
11/27/15,14.9,13.5
11/28/15,16,17.4
11/29/15,9.1,12.4
11/30/15,5.4,9.3
12/1/15,12.9,7.9
12/2/15,19.4,19.4
12/3/15,30.2,26.4
12/4/15,24.6,28.4
12/5/15,18.1,21.4
12/6/15,26.8,26.1
12/7/15,27.9,32.5
12/8/15,30.9,34.9
12/9/15,27.9,33.6
12/10/15,23.4,26.1
12/11/15,17.4,21.2
12/12/15,16.5,19.9
12/13/15,23.5,24.1
12/14/15,18.5,22.6
12/15/15,12.6,15.6
12/16/15,8.4,14.5
12/17/15,5.9,10.8
12/18/15,22.8,26.8
12/19/15,25.2,27.7
12/20/15,17.1,22.1
12/21/15,18,21.7
12/22/15,14.2,19.4
12/23/15,9.3,13.6
12/24/15,9.7,14.2
12/25/15,8.8,10.0
12/26/15,1,2.7
12/27/15,14.5,5.4
12/28/15,8.6,7.0
12/29/15,4.8,6.6
12/30/15,0.9,5.4
12/31/15,3.7,0.5
1/1/16,17.4,8.1
1/2/16,18.9,15.1
1/3/16,27.7,24.4
1/4/16,29.5,28.2
1/5/16,26.2,28.0
1/6/16,25.9,28.0
1/7/16,21.7,26.1
1/8/16,17.6,21.6
1/9/16,13.1,18.5
1/10/16,9.1,11.8
1/11/16,9.9,7.7
1/12/16,15.8,16.0
1/13/16,23,23.2
1/14/16,15.6,21.0
1/15/16,11.5,16.0
1/16/16,15.8,21.2
1/17/16,20.8,25.3
1/18/16,23.7,27.7
1/19/16,19.9,23.0
1/20/16,19.4,23.9
1/21/16,20.8,20.5
1/22/16,27.9,26.2
1/23/16,24.4,26.8
1/24/16,19.2,24.4
1/25/16,12.4,15.8
1/26/16,14.9,14.0
1/27/16,27.9,21.0
1/28/16,26.6,27.0
1/29/16,23.5,27.9
1/30/16,15.8,21.0
1/31/16,10.8,13.6
2/1/16,9,12.9
2/2/16,3.9,7.9
2/3/16,6.8,9.0
2/4/16,10.4,14.9
2/5/16,15.8,19.9
2/6/16,19.8,26.1
2/7/16,21.2,26.4
2/8/16,27.5,29.7
2/9/16,32.2,28.6
2/10/16,31.3,31.6
2/11/16,32.7,33.4
2/12/16,33.8,36.5
2/13/16,24.6,31.6
2/14/16,23,28.2
2/15/16,28,32.9
2/16/16,28.2,34.5
2/17/16,32.9,36.5
2/18/16,26.1,29.7
2/19/16,23.5,28.9
2/20/16,17.4,24.8
2/21/16,19.9,22.6
2/22/16,18.3,23.7
2/23/16,15.4,17.2
2/24/16,20.3,23.0
2/25/16,25.9,27.1
2/26/16,30.9,29.8
2/27/16,28.8,31.1
2/28/16,24.6,30.4
2/29/16,21.2,28.4
3/1/16,24.1,29.8
3/2/16,25.3,31.3
3/3/16,31.5,36.3
3/4/16,31.8,34.7
3/5/16,36,36.5
3/6/16,31.5,32.5
3/7/16,21.7,27.3
3/8/16,20.5,25.3
3/9/16,21.4,27.0
3/10/16,32.9,36.0
3/11/16,38.7,41.0
3/12/16,31.8,36.9
3/13/16,26.8,32.7
3/14/16,20.5,26.8
3/15/16,14.4,20.5
3/16/16,16.9,21.7
3/17/16,15.8,19.9
3/18/16,12.7,14.2
3/19/16,23.2,19.4
3/20/16,35.4,31.8
3/21/16,31.6,37.0
3/22/16,24.1,30.6
3/23/16,22.3,28.9
3/24/16,21.4,27.5
3/25/16,17.6,24.1
3/26/16,21,25.0
3/27/16,25,30.4
3/28/16,26.8,32.2
3/29/16,28.6,31.3
3/30/16,29.5,34.5
3/31/16,25.9,30.9
4/1/16,28.8,31.6
4/2/16,34.3,39.2
4/3/16,36.1,38.1
4/4/16,33.1,35.6
4/5/16,23,30.4
4/6/16,33.6,39.0
4/7/16,39.7,43.5
4/8/16,45,44.2
4/9/16,40.1,44.2
4/10/16,36.9,37.6
4/11/16,38.5,40.8
4/12/16,40.8,43.9
4/13/16,35.2,38.7
4/14/16,27.9,32.0
4/15/16,24.1,30.0
4/16/16,27.9,31.3
4/17/16,31.6,36.1
4/18/16,33.4,37.0
4/19/16,37.8,40.5
4/20/16,43.3,44.8
4/21/16,46.2,47.3
4/22/16,47.1,49.1
4/23/16,35.4,38.7
4/24/16,30.9,37.2
4/25/16,33.8,36.0
4/26/16,30.6,35.6
4/27/16,30.7,37.2
4/28/16,32.7,37.4
4/29/16,31.3,35.4
4/30/16,34.5,37.8
5/1/16,35.6,38.8
5/2/16,39.4,41.9
5/3/16,45,47.5
5/4/16,48.2,49.8
5/5/16,51.1,51.6
5/6/16,44.4,44.1
5/7/16,41,40.6
5/8/16,41.4,45.5
5/9/16,34.2,39.7
5/10/16,23.4,29.8
5/11/16,29.3,34.3
5/12/16,39.7,44.2
5/13/16,47.5,51.3
5/14/16,47.3,48.2
5/15/16,38.7,40.8
5/16/16,36.9,39.7
5/17/16,40.6,44.8
5/18/16,43.5,46.6
5/19/16,39.9,44.1
5/20/16,41.5,41.9
5/21/16,34,36.7
5/22/16,30.4,35.2
5/23/16,33.4,38.7
5/24/16,36.3,38.1
5/25/16,34.3,39.6
5/26/16,39.2,42.8
5/27/16,39.2,43.5
5/28/16,38.1,43.2
5/29/16,43.7,45.9
5/30/16,42.3,47.3
5/31/16,41.7,45.5
6/1/16,47.3,50.0
6/2/16,49.3,53.4
6/3/16,49.1,53.8
6/4/16,53.8,56.7
6/5/16,57,60.3
6/6/16,57.6,59.4
6/7/16,55.4,55.9
6/8/16,56.3,59.0
6/9/16,56.1,58.8
6/10/16,57.6,59.7
6/11/16,46.9,51.1
6/12/16,44.1,48.2
6/13/16,45.7,46.8
6/14/16,43.5,46.0
6/15/16,46.9,51.6
6/16/16,42.1,48.0
6/17/16,52.2,54.1
6/18/16,55.8,59.4
6/19/16,50,56.3
6/20/16,59.5,61.5
6/21/16,57.2,62.4
6/22/16,56.1,59.9
6/23/16,59,62.8
6/24/16,51.6,57.0
6/25/16,43.3,49.3
6/26/16,51.6,54.7
6/27/16,59.5,61.0
6/28/16,63.5,61.7
6/29/16,61.7,63.5
6/30/16,55.6,55.8
7/1/16,55.6,57.7
7/2/16,58.1,60.6
7/3/16,57.4,63.0
7/4/16,55.4,61.5
7/5/16,51.1,57.6
7/6/16,48.4,54.1
7/7/16,48.9,53.6
7/8/16,58.1,61.5
7/9/16,58.1,63.3
7/10/16,41.5,46.2
7/11/16,36,39.7
7/12/16,46.2,50.0
7/13/16,47.8,52.5
7/14/16,52.7,55.8
7/15/16,58.1,60.3
7/16/16,53.4,59.9
7/17/16,57,60.1
7/18/16,62.4,64.2
7/19/16,61.7,64.4
7/20/16,61.9,64.8
7/21/16,63.3,65.5
7/22/16,63.1,66.2
7/23/16,53.6,59.0
7/24/16,56.8,59.4
7/25/16,61.5,63.5
7/26/16,62.1,64.0
7/27/16,61.2,63.9
7/28/16,60.1,63.0
7/29/16,61.7,62.8
7/30/16,61.7,61.9
7/31/16,60.8,64.6
8/1/16,59.9,63.1
8/2/16,63,65.3
8/3/16,57.2,61.3
8/4/16,55.9,57.9
8/5/16,59.5,62.4
8/6/16,56.8,58.6
8/7/16,55,52.5
8/8/16,56.5,57.4
8/9/16,55.2,59.5
8/10/16,50,55.2
8/11/16,50.9,54.9
8/12/16,52.7,55.4
8/13/16,56.5,58.8
8/14/16,57.7,60.3
8/15/16,61,61.3
8/16/16,61.3,61.9
8/17/16,59,59.7
8/18/16,56.1,55.4
8/19/16,51.4,52.0
8/20/16,52.3,53.4
8/21/16,58.1,60.1
8/22/16,55.6,61.7
8/23/16,49.5,54.5
8/24/16,47.7,50.7
8/25/16,46.6,47.3
8/26/16,49.1,50.0
8/27/16,50.9,54.3
8/28/16,55.2,58.5
8/29/16,58.8,60.8
8/30/16,61.5,63.0
8/31/16,61.7,63.3
9/1/16,57.4,61.0
9/2/16,52.3,58.3
9/3/16,48.9,54.1
9/4/16,42.1,48.2
9/5/16,35.8,41.5
9/6/16,42.3,46.2
9/7/16,44.4,50.5
9/8/16,44.1,50.4
9/9/16,40.5,45.7
9/10/16,47.3,50.0
9/11/16,51.3,56.1
9/12/16,40.3,45.9
9/13/16,43.5,42.1
9/14/16,37.9,40.6
9/15/16,36.3,40.1
9/16/16,41.5,44.1
9/17/16,45.3,50.2
9/18/16,48.2,54.1
9/19/16,50.5,55.2
9/20/16,54.3,56.8
9/21/16,51.6,54.3
9/22/16,43,46.9
9/23/16,37.4,41.5
9/24/16,33.8,37.6
9/25/16,38.1,41.7
9/26/16,46.4,47.3
9/27/16,50.2,50.5
9/28/16,53.6,52.7
9/29/16,46.6,47.8
9/30/16,46.6,46.8
10/1/16,45.3,46.9
10/2/16,40.8,43.5
10/3/16,31.6,35.1
10/4/16,28.6,32.9
10/5/16,27.9,32.0
10/6/16,27.5,31.8
10/7/16,31.3,33.6
10/8/16,39.4,38.1
10/9/16,44.2,43.2
10/10/16,43,46.2
10/11/16,35.1,41.4
10/12/16,33.3,35.2
10/13/16,40.6,43.3
10/14/16,39.7,43.2
10/15/16,35.8,37.9
10/16/16,30.9,34.3
10/17/16,28,31.6
10/18/16,27,31.3
10/19/16,23.9,28.2
10/20/16,28.4,28.9
10/21/16,39.2,36.5
10/22/16,39.6,41.5
10/23/16,43.5,43.3
10/24/16,40.5,39.4
10/25/16,36.7,38.8
10/26/16,42.3,41.0
10/27/16,46,45.3
10/28/16,38.7,42.3
10/29/16,37.9,40.6
10/30/16,40.5,41.5
10/31/16,27.1,31.5
11/1/16,27.7,30.9
11/2/16,29.3,31.1
11/3/16,41.5,36.0
11/4/16,41.4,38.8
11/5/16,38.7,38.3
11/6/16,36.9,39.2
11/7/16,35.6,37.8
11/8/16,41.4,39.6
11/9/16,42.3,41.5
11/10/16,44.1,41.5
11/11/16,41.7,40.8
11/12/16,39.2,40.8
11/13/16,33.8,39.0
11/14/16,37.8,43.3
11/15/16,40.3,43.7
11/16/16,26.2,32.2
11/17/16,15.8,21.9
11/18/16,17.2,18.7
11/19/16,33.3,30.4
11/20/16,37.2,36.7
11/21/16,28.6,32.5
11/22/16,21.2,25.2
11/23/16,22.5,25.7
11/24/16,16.9,20.8
11/25/16,26.8,25.2
11/26/16,30.7,27.9
11/27/16,22.3,26.2
11/28/16,16,21.0
11/29/16,14,18.1
11/30/16,14.4,19.2
12/1/16,14.7,19.0
12/2/16,10.6,13.6
12/3/16,13.1,18.9
12/4/16,19.8,24.4
12/5/16,2.1,8.2
12/6/16,-0.2,2.3
12/7/16,-2.9,0.7
12/8/16,4.8,3.2
12/9/16,22.3,26.6
12/10/16,24.4,28.6
12/11/16,14.7,19.4
12/12/16,12.4,17.8
12/13/16,10,14.7
12/14/16,16,18.1
12/15/16,27.7,31.8
12/16/16,18.5,23.4
12/17/16,-9.2,-4.0
12/18/16,-4.2,-3.5
12/19/16,9.1,10.9
12/20/16,22.1,26.8
12/21/16,10.6,14.4
12/22/16,15.3,9.1
12/23/16,20.5,19.6
12/24/16,24.8,26.2
12/25/16,12.2,17.2
12/26/16,4.1,9.3
12/27/16,10.9,13.1
12/28/16,8.6,13.8
12/29/16,16.7,15.3
12/30/16,20.3,24.4
12/31/16,12.2,14.4
1/1/17,11.8,14.9
1/2/17,5.5,10.6
1/3/17,7.2,12.2
1/4/17,7.5,9.1
1/5/17,-0.9,-6.2
1/6/17,3,-0.4
1/7/17,14.5,10.9
1/8/17,25.3,27.9
1/9/17,23.7,28.2
1/10/17,19.8,24.6
1/11/17,19.8,24.4
1/12/17,10.4,13.1
1/13/17,10.4,10.0
1/14/17,12.2,12.4
1/15/17,16,12.0
1/16/17,18,14.0
1/17/17,26.6,17.6
1/18/17,28.8,25.3
1/19/17,23,26.1
1/20/17,18.5,21.9
1/21/17,18.5,21.9
1/22/17,18,21.6
1/23/17,19.9,21.6
1/24/17,12,17.4
1/25/17,6.1,10.6
1/26/17,6.8,10.9
1/27/17,12.9,6.8
1/28/17,20.3,10.4
1/29/17,26.2,23.0
1/30/17,23,28.4
1/31/17,20.7,27.5
2/1/17,19.9,26.1
2/2/17,18,23.7
2/3/17,25,26.6
2/4/17,25,29.5
2/5/17,25.2,29.7
2/6/17,25.3,29.5
2/7/17,22.8,27.1
2/8/17,23.5,28.0
2/9/17,32.9,35.1
2/10/17,27.9,32.2
2/11/17,17.8,22.5
2/12/17,19.2,18.0
2/13/17,27,25.5
2/14/17,31.3,28.2
2/15/17,32.9,31.3
2/16/17,31.6,33.1
2/17/17,27.5,31.1
2/18/17,29.5,31.8
2/19/17,25.3,30.4
2/20/17,27.3,29.7
2/21/17,25.9,30.7
2/22/17,17.6,22.8
2/23/17,15.4,20.8
2/24/17,7.5,13.6
2/25/17,3.7,9.5
2/26/17,8.4,14.4
2/27/17,10.9,15.8
2/28/17,7.5,13.8
3/1/17,10.6,17.4
3/2/17,18.5,23.0
3/3/17,25.5,28.9
3/4/17,28.4,31.1
3/5/17,23,28.2
3/6/17,7.9,14.9
3/7/17,14.4,19.8
3/8/17,25.2,29.8
3/9/17,30,34.5
3/10/17,31.3,35.1
3/11/17,27.7,33.8
3/12/17,25.9,32.5
3/13/17,31.3,37.9
3/14/17,36.7,42.1
3/15/17,39.6,43.7
3/16/17,31.8,38.5
3/17/17,35.8,39.6
3/18/17,42.4,44.2
3/19/17,33.3,39.2
3/20/17,36,39.0
3/21/17,39.6,41.0
3/22/17,32.9,37.2
3/23/17,30,34.9
3/24/17,30.7,34.9
3/25/17,28.6,33.3
3/26/17,26.4,31.3
3/27/17,28,33.1
3/28/17,26.2,32.5
3/29/17,28.4,34.7
3/30/17,33.3,36.7
3/31/17,33.4,37.8
4/1/17,32.7,38.1
4/2/17,28.2,34.2
4/3/17,18.3,26.8
4/4/17,19.2,24.6
4/5/17,27.3,32.4
4/6/17,39.4,40.5
4/7/17,35.6,38.7
4/8/17,27.1,32.0
4/9/17,19.4,25.3
4/10/17,22.8,28.8
4/11/17,28.6,34.2
4/12/17,39,41.2
4/13/17,39.9,43.3
4/14/17,22.6,30.7
4/15/17,23.2,29.5
4/16/17,33.8,37.9
4/17/17,33.1,38.1
4/18/17,32.9,36.5
4/19/17,30.2,35.8
4/20/17,30.2,34.3
4/21/17,25.2,32.9
4/22/17,31.6,36.0
4/23/17,35.2,39.6
4/24/17,29.3,34.5
4/25/17,28.8,35.1
4/26/17,26.6,32.7
4/27/17,24.4,30.7
4/28/17,25.7,30.6
4/29/17,28.4,32.0
4/30/17,30,35.1
5/1/17,31.8,38.8
5/2/17,32.9,39.6
5/3/17,37.8,42.8
5/4/17,48.7,49.1
5/5/17,51.6,52.9
5/6/17,50,50.9
5/7/17,44.2,48.0
5/8/17,42.4,46.2
5/9/17,42.4,43.7
5/10/17,45.1,46.6
5/11/17,49.3,50.2
5/12/17,48.2,50.5
5/13/17,30.6,37.0
5/14/17,34.7,39.0
5/15/17,38.5,43.0
5/16/17,33.3,38.8
5/17/17,22.5,27.5
5/18/17,28.6,32.5
5/19/17,32.4,36.3
5/20/17,35.6,40.8
5/21/17,40.3,43.0
5/22/17,41.9,45.1
5/23/17,46.8,48.2
5/24/17,45.9,50.4
5/25/17,36,42.1
5/26/17,32.7,35.8
5/27/17,37.9,41.5
5/28/17,44.1,46.6
5/29/17,47.8,48.9
5/30/17,50.2,51.4
5/31/17,52.7,52.3
6/1/17,49.8,51.1
6/2/17,45.3,49.8
6/3/17,51.1,52.9
6/4/17,55.2,57.0
6/5/17,49.6,53.8
6/6/17,53.2,53.4
6/7/17,55.4,56.5
6/8/17,56.3,57.7
6/9/17,42.1,47.8
6/10/17,36.1,38.8
6/11/17,44.8,46.9
6/12/17,38.7,42.4
6/13/17,32,36.3
6/14/17,39.7,45.7
6/15/17,47.1,52.5
6/16/17,44.8,49.8
6/17/17,43.2,47.8
6/18/17,46.8,51.1
6/19/17,53.8,56.5
6/20/17,57.7,58.8
6/21/17,56.3,61.9
6/22/17,48.2,53.8
6/23/17,46.4,50.7
6/24/17,50,53.4
6/25/17,54.1,56.7
6/26/17,58.6,60.8
6/27/17,49.3,52.9
6/28/17,44.8,47.8
6/29/17,41.9,43.7
6/30/17,47.1,50.0
7/1/17,54,56.8
7/2/17,55,56.8
7/3/17,58.5,61.5
7/4/17,60.6,63.3
7/5/17,64.2,64.9
7/6/17,63.7,65.1
7/7/17,61,62.6
7/8/17,63.5,64.2
7/9/17,61,63.5
7/10/17,61.9,60.6
7/11/17,57.7,62.4
7/12/17,58.3,61.9
7/13/17,61.9,63.9
7/14/17,63.5,65.1
7/15/17,63.7,62.8
7/16/17,61,60.3
7/17/17,58.5,59.0
7/18/17,60.3,61.7
7/19/17,63,65.1
7/20/17,59.7,58.8
7/21/17,57.7,61.5
7/22/17,59.4,61.2
7/23/17,60.4,61.7
7/24/17,61,64.8
7/25/17,55.2,54.9
7/26/17,53.4,55.4
7/27/17,52.2,54.5
7/28/17,54.1,57.9
7/29/17,57.6,59.9
7/30/17,58.8,59.5
7/31/17,61.7,62.6
8/1/17,62.2,63.3
8/2/17,60.1,62.1
8/3/17,59.4,60.4
8/4/17,60.1,61.9
8/5/17,57,59.4
8/6/17,54.3,56.7
8/7/17,53.4,52.7
8/8/17,50.7,50.2
8/9/17,51.6,51.4
8/10/17,52.3,53.1
8/11/17,54.9,55.8
8/12/17,56.3,57.4
8/13/17,54.9,57.7
8/14/17,45.3,49.5
8/15/17,46.8,50.4
8/16/17,52,53.8
8/17/17,53.4,57.0
8/18/17,55.8,57.6
8/19/17,56.5,59.4
8/20/17,55.2,59.7
8/21/17,54.9,56.5
8/22/17,57.9,59.2
8/23/17,54,57.2
8/24/17,53.4,55.4
8/25/17,54.9,55.9
8/26/17,57.9,60.8
8/27/17,60.1,61.2
8/28/17,61.7,62.2
8/29/17,61.5,61.0
8/30/17,58.3,56.8
8/31/17,54.1,56.1
9/1/17,55.2,58.5
9/2/17,60.3,61.5
9/3/17,63.7,63.9
9/4/17,61.7,62.1
9/5/17,58.5,55.9
9/6/17,58.5,58.8
9/7/17,58.8,59.4
9/8/17,57,57.2
9/9/17,55.8,59.2
9/10/17,53.6,56.1
9/11/17,56.5,58.5
9/12/17,57,59.4
9/13/17,52.5,56.3
9/14/17,46.4,50.0
9/15/17,34.3,38.5
9/16/17,28.6,34.3
9/17/17,38.1,41.0
9/18/17,41.7,45.3
9/19/17,28.4,33.1
9/20/17,31.6,36.5
9/21/17,32.9,35.4
9/22/17,30.2,36.1
9/23/17,30.6,34.7
9/24/17,34.2,36.5
9/25/17,31.1,34.7
9/26/17,35.6,37.2
9/27/17,40.8,40.6
9/28/17,43.2,41.9
9/29/17,40.6,41.5
9/30/17,36,38.3
10/1/17,27,32.2
10/2/17,26.2,28.9
10/3/17,28.6,29.5
10/4/17,34,33.8
10/5/17,31.8,36.5
10/6/17,31.6,37.9
10/7/17,38.1,44.4
10/8/17,26.2,30.4
10/9/17,24.6,29.1
10/10/17,34.5,35.2
10/11/17,36.9,40.1
10/12/17,25.7,32.0
10/13/17,26.1,30.9
10/14/17,20.3,24.4
10/15/17,32.7,29.7
10/16/17,38.8,39.2
10/17/17,41.4,43.9
10/18/17,40.5,43.9
10/19/17,45,44.8
10/20/17,31.6,34.3
10/21/17,21.4,27.3
10/22/17,31.3,36.7
10/23/17,27,35.6
10/24/17,34.7,37.2
10/25/17,41,42.4
10/26/17,32.2,35.6
10/27/17,33.6,36.0
10/28/17,37.4,40.1
10/29/17,37.6,41.0
10/30/17,27.3,28.2
10/31/17,25.3,31.3
11/1/17,29.1,35.2
11/2/17,28,32.5
11/3/17,30.6,34.3
11/4/17,23,27.9
11/5/17,18.1,23.9
11/6/17,17.1,23.5
11/7/17,12.2,15.6
11/8/17,21.9,21.2
11/9/17,29.1,30.6
11/10/17,27.7,32.4
11/11/17,24.1,28.0
11/12/17,29.1,27.1
11/13/17,34,33.1
11/14/17,24.6,29.1
11/15/17,28.9,28.8
11/16/17,30.4,33.1
11/17/17,18.5,24.1
11/18/17,12.9,16.3
11/19/17,19.9,21.0
11/20/17,26.8,30.7
11/21/17,31.6,36.3
11/22/17,37,40.8
11/23/17,38.7,43.0
11/24/17,30.2,34.9
11/25/17,30.2,34.3
11/26/17,42.4,42.1
11/27/17,28.6,33.1
11/28/17,22.5,22.6
11/29/17,18.9,23.5
11/30/17,22.3,24.3
12/1/17,21,25.7
12/2/17,27.7,30.0
12/3/17,24.3,28.6
12/4/17,10.9,16.9
12/5/17,11.8,14.5
12/6/17,12.4,11.8
12/7/17,22.1,18.1
12/8/17,27.5,20.1
12/9/17,29.8,22.3
12/10/17,30,23.4
12/11/17,35.8,27.7
12/12/17,34.3,30.7
12/13/17,25.9,25.3
12/14/17,20.8,19.0
12/15/17,23.7,24.8
12/16/17,17.4,22.6
12/17/17,11.8,16.5
12/18/17,19.6,25.7
12/19/17,24.1,30.2
12/20/17,18.5,23.5
12/21/17,10.6,12.9
12/22/17,10.2,17.1
12/23/17,5.9,12.4
12/24/17,5,9.3
12/25/17,15.4,21.2
12/26/17,12.6,17.2
12/27/17,19.6,25.2
12/28/17,21.7,27.9
12/29/17,26.8,32.2
12/30/17,21.9,27.7
12/31/17,13.1,14.4
1/1/18,16.7,19.6
1/2/18,24.3,14.0
1/3/18,29.5,24.3
1/4/18,29.5,27.3
1/5/18,29.8,32.7
1/6/18,26.2,31.1
1/7/18,20.7,24.4
1/8/18,28,28.2
1/9/18,30.4,32.0
1/10/18,19.9,25.0
1/11/18,17.8,21.4
1/12/18,23.7,28.2
1/13/18,23.4,27.9
1/14/18,22.5,23.9
1/15/18,21.4,20.7
1/16/18,22.1,18.1
1/17/18,24.6,24.4
1/18/18,32.9,31.3
1/19/18,23.2,28.4
1/20/18,13.8,19.2
1/21/18,8.6,12.6
1/22/18,13.5,15.6
1/23/18,14.7,17.8
1/24/18,23.5,22.8
1/25/18,20.7,22.3
1/26/18,12.4,18.5
1/27/18,16,21.6
1/28/18,25.2,30.4
1/29/18,27.5,32.4
1/30/18,27.1,34.3
1/31/18,16,21.6
2/1/18,16.2,23.4
2/2/18,27.5,32.5
2/3/18,27.1,32.4
2/4/18,28,33.4
2/5/18,24.3,28.8
2/6/18,21,26.2
2/7/18,23.7,30.0
2/8/18,27.9,34.3
2/9/18,20.5,28.4
2/10/18,10.6,15.3
2/11/18,14,19.4
2/12/18,18.3,19.8
2/13/18,16.3,20.7
2/14/18,18.1,22.6
2/15/18,12.2,16.9
2/16/18,10.6,15.6
2/17/18,18.7,24.4
2/18/18,17.4,22.3
2/19/18,6.3,10.4
2/20/18,-3.1,2.3
2/21/18,3.4,5.0
2/22/18,7.3,9.0
2/23/18,7.9,10.6
2/24/18,4.3,10.9
2/25/18,7.9,13.5
2/26/18,14.7,18.3
2/27/18,13.5,18.3
2/28/18,7.7,12.7
3/1/18,19.2,19.6
3/2/18,19.4,23.7
3/3/18,19.9,24.3
3/4/18,13.3,19.0
3/5/18,10.6,16.9
3/6/18,13.6,18.9
3/7/18,20.8,20.8
3/8/18,24.6,27.5
3/9/18,23.7,29.7
3/10/18,21.4,25.7
3/11/18,26.8,28.8
3/12/18,27.5,30.6
3/13/18,32.7,31.8
3/14/18,35.1,35.2
3/15/18,22.6,29.7
3/16/18,21.4,26.6
3/17/18,20.1,25.0
3/18/18,16.3,22.1
3/19/18,18.3,24.3
3/20/18,20.1,26.8
3/21/18,26.6,30.2
3/22/18,33.4,34.2
3/23/18,26.8,32.4
3/24/18,23.5,27.1
3/25/18,19.9,25.5
3/26/18,18,24.8
3/27/18,22.1,27.3
3/28/18,24.4,29.1
3/29/18,22.1,28.9
3/30/18,28.4,34.5
3/31/18,27.7,34.0
4/1/18,26.6,33.4
4/2/18,19.6,25.7
4/3/18,14.2,21.4
4/4/18,26.4,32.5
4/5/18,30.9,35.8
4/6/18,31.8,37.0
4/7/18,31.6,35.4
4/8/18,25.2,30.6
4/9/18,26.4,30.7
4/10/18,34.2,36.1
4/11/18,32.2,38.3
4/12/18,23.2,28.8
4/13/18,20.3,24.8
4/14/18,26.8,31.5
4/15/18,33.6,35.1
4/16/18,32.4,36.9
4/17/18,19.6,25.9
4/18/18,25.9,29.8
4/19/18,37,40.1
4/20/18,40.8,43.9
4/21/18,40.1,43.2
4/22/18,41.4,45.3
4/23/18,29.5,36.3
4/24/18,33.6,35.1
4/25/18,37.8,40.3
4/26/18,42.3,43.7
4/27/18,48,47.8
4/28/18,47.5,49.3
4/29/18,33.1,39.4
4/30/18,28.2,32.7
5/1/18,28.4,33.4
5/2/18,34.7,37.8
5/3/18,36.9,41.4
5/4/18,42.4,45.3
5/5/18,46,47.7
5/6/18,50.2,52.0
5/7/18,45.7,50.2
5/8/18,45.3,48.0
5/9/18,48.9,51.3
5/10/18,41.9,46.2
5/11/18,35.4,38.1
5/12/18,36.5,36.3
5/13/18,37,40.1
5/14/18,42.6,44.6
5/15/18,45,45.7
5/16/18,43.2,45.0
5/17/18,42.6,44.8
5/18/18,41.4,43.5
5/19/18,41.5,43.5
5/20/18,44.6,47.5
5/21/18,45.9,48.6
5/22/18,46.8,46.6
5/23/18,37,41.2
5/24/18,44.1,46.6
5/25/18,52.3,52.9
5/26/18,51.1,54.0
5/27/18,45,44.4
5/28/18,46.6,47.3
5/29/18,45.1,47.7
5/30/18,45.5,48.2
5/31/18,45.7,48.4
6/1/18,34.2,41.4
6/2/18,43,46.9
6/3/18,52,53.4
6/4/18,55,57.4
6/5/18,53.6,57.2
6/6/18,55.9,56.7
6/7/18,54.7,57.7
6/8/18,53.4,56.7
6/9/18,56.8,59.5
6/10/18,35.2,43.2
6/11/18,37.6,43.2
6/12/18,44.1,48.2
6/13/18,55.2,58.1
6/14/18,52.5,59.4
6/15/18,43.5,48.9
6/16/18,43.3,45.7
6/17/18,46.2,47.5
6/18/18,39.6,42.6
6/19/18,40.5,44.8
6/20/18,45.7,48.0
6/21/18,51.3,55.0
6/22/18,46.2,51.8
6/23/18,43.2,47.7
6/24/18,44.6,48.4
6/25/18,53.2,56.5
6/26/18,54.1,60.1
6/27/18,55.9,60.8
6/28/18,57,61.3
6/29/18,42.3,48.4
6/30/18,41.7,47.3
7/1/18,48.2,53.6
7/2/18,50.7,57.6
7/3/18,47.8,53.4
7/4/18,56.3,57.4
7/5/18,62.4,62.2
7/6/18,64.4,66.0
7/7/18,62.6,64.9
7/8/18,63.9,66.6
7/9/18,63,64.9
7/10/18,61.7,63.0
7/11/18,59.7,63.5
7/12/18,58.5,61.3
7/13/18,59.7,61.7
7/14/18,60.3,61.3
7/15/18,61.5,63.1
7/16/18,58.5,59.2
7/17/18,55.8,56.8
7/18/18,59.2,62.4
7/19/18,59.7,63.3
7/20/18,61.9,66.6
7/21/18,59.5,61.3
7/22/18,59.2,62.2
7/23/18,59,61.0
7/24/18,61,61.9
7/25/18,58.5,58.8
7/26/18,58.5,60.4
7/27/18,58.8,60.3
7/28/18,58.8,59.0
7/29/18,55.2,58.5
7/30/18,56.8,59.2
7/31/18,61.5,62.8
8/1/18,61.9,62.2
8/2/18,60.4,57.9
8/3/18,56.7,60.6
8/4/18,53.6,57.6
8/5/18,51.8,54.5
8/6/18,53.6,55.6
8/7/18,56.7,58.3
8/8/18,60.1,61.5
8/9/18,63.9,64.9
8/10/18,67.5,66.9
8/11/18,68,68.2
8/12/18,63.9,65.7
8/13/18,60.8,63.1
8/14/18,56.8,61.0
8/15/18,58.3,60.3
8/16/18,59.5,61.7
8/17/18,57.6,62.4
8/18/18,52.2,55.0
8/19/18,54.5,55.2
8/20/18,53.4,52.7
8/21/18,53.6,55.6
8/22/18,48.7,47.3
8/23/18,50.5,54.0
8/24/18,54.5,57.0
8/25/18,52.7,56.8
8/26/18,46.6,52.5
8/27/18,35.6,40.6
8/28/18,39,42.6
8/29/18,48.7,50.9
8/30/18,54.7,57.0
8/31/18,49.1,53.4
9/1/18,48.2,51.1
9/2/18,50.5,52.3
9/3/18,51.8,53.4
9/4/18,54.1,54.7
9/5/18,56.3,56.3
9/6/18,57.4,57.4
9/7/18,57.2,58.1
9/8/18,55.4,57.4
9/9/18,51.4,55.4
9/10/18,53.2,56.8
9/11/18,50.9,56.3
9/12/18,49.3,53.6
9/13/18,43.5,49.5
9/14/18,50.7,52.9
9/15/18,56.5,59.4
9/16/18,50.5,53.8
9/17/18,51.1,53.6
9/18/18,52.7,53.8
9/19/18,49.5,52.3
9/20/18,39.7,45.0
9/21/18,45.5,47.7
9/22/18,51.6,53.8
9/23/18,46,51.3
9/24/18,34.3,39.0
9/25/18,34.9,38.8
9/26/18,39.6,43.0
9/27/18,44.2,48.2
9/28/18,47.8,52.5
9/29/18,51.1,57.0
9/30/18,46.4,52.0
10/1/18,43.5,46.9
10/2/18,48.6,50.2
10/3/18,43.9,48.4
10/4/18,38.1,41.2
10/5/18,27.9,32.9
10/6/18,30.7,34.7
10/7/18,32.4,35.6
10/8/18,31.6,36.0
10/9/18,29.3,31.5
10/10/18,27.7,31.3
10/11/18,26.6,32.0
10/12/18,29.8,35.4
10/13/18,22.8,29.8
10/14/18,15.6,22.1
10/15/18,25.7,28.4
10/16/18,35.8,35.2
10/17/18,39.7,38.7
10/18/18,37.2,39.4
10/19/18,38.5,39.9
10/20/18,44.2,43.0
10/21/18,42.8,43.3
10/22/18,43.9,42.6
10/23/18,37.8,39.4
10/24/18,35.6,38.8
10/25/18,32.5,37.4
10/26/18,36,41.2
10/27/18,38.8,44.8
10/28/18,41.9,46.0
10/29/18,28.9,35.2
10/30/18,21,25.5
10/31/18,21,27.5
11/1/18,29.7,34.7
11/2/18,31.3,36.1
11/3/18,25.7,31.5
11/4/18,26.2,30.2
11/5/18,23.4,27.7
11/6/18,20.3,24.8
11/7/18,19,22.6
11/8/18,14.4,19.9
11/9/18,15.6,20.3
11/10/18,17.2,21.4
11/11/18,11.1,15.1
11/12/18,11.1,13.3
11/13/18,24.8,19.0
11/14/18,30,29.5
11/15/18,27,28.8
11/16/18,26.2,32.0
11/17/18,17.6,22.1
11/18/18,17.6,15.8
11/19/18,25.2,21.2
11/20/18,30.4,25.0
11/21/18,34,30.0
11/22/18,27.1,29.8
11/23/18,21.6,26.4
11/24/18,17.8,22.3
11/25/18,14.4,17.4
11/26/18,17.4,17.4
11/27/18,23.9,27.0
11/28/18,23.4,28.0
11/29/18,21.7,24.6
11/30/18,21.4,25.7
12/1/18,14.7,19.8
12/2/18,11.7,12.6
12/3/18,10.8,14.4
12/4/18,8.2,10.2
12/5/18,10.6,9.7
12/6/18,14.2,13.3
12/7/18,20.7,19.9
12/8/18,18.7,23.7
12/9/18,19.2,16.9
12/10/18,24.8,25.0
12/11/18,15.3,20.1
12/12/18,14.7,19.6
12/13/18,12.2,14.0
12/14/18,28.2,21.9
12/15/18,25,28.9
12/16/18,32,27.9
12/17/18,29.5,30.9
12/18/18,24.8,30.7
12/19/18,20.3,25.3
12/20/18,23.2,24.4
12/21/18,18.9,24.8
12/22/18,9.1,13.1
12/23/18,16.9,17.4
12/24/18,20.1,24.4
12/25/18,20.5,23.5
12/26/18,11.5,15.1
12/27/18,9.1,12.9
12/28/18,4.1,8.4
12/29/18,10.9,13.3
12/30/18,13.8,19.2
12/31/18,4.5,7.2
1/1/19,2.7,-2.7
1/2/19,18.1,5.4
1/3/19,23.2,13.1
1/4/19,27.1,25.0
1/5/19,28.4,26.6
1/6/19,19,23.5
1/7/19,13.6,17.8
1/8/19,17.4,18.3
1/9/19,30.7,28.8
1/10/19,26.2,28.4
1/11/19,20.1,20.7
1/12/19,26.4,15.6
1/13/19,30.6,21.7
1/14/19,26.1,22.3
1/15/19,24.1,21.6
1/16/19,23.7,26.4
1/17/19,24.8,27.7
1/18/19,20.3,24.6
1/19/19,21.6,26.6
1/20/19,27.5,31.8
1/21/19,19.4,24.1
1/22/19,8.8,12.4
1/23/19,13.5,19.6
1/24/19,14.9,20.5
1/25/19,15.3,20.3
1/26/19,20.8,24.8
1/27/19,22.5,26.1
1/28/19,11.7,16.2
1/29/19,13.5,12.4
1/30/19,14.7,17.4
1/31/19,22.8,22.8
2/1/19,27.1,27.1
2/2/19,29.3,30.7
2/3/19,24.6,28.0
2/4/19,22.3,26.8
2/5/19,16.7,21.4
2/6/19,6.4,10.4
2/7/19,-1.3,3.9
2/8/19,7.2,8.2
2/9/19,12.2,15.4
2/10/19,13.6,15.4
2/11/19,4.5,10.6
2/12/19,14.7,18.7
2/13/19,19.4,23.4
2/14/19,26.8,30.4
2/15/19,19,24.6
2/16/19,11.7,17.8
2/17/19,11.8,14.4
2/18/19,7.9,8.6
2/19/19,2.1,6.4
2/20/19,5.2,8.8
2/21/19,6.1,7.2
2/22/19,4.6,6.8
2/23/19,7.5,13.1
2/24/19,15.8,19.2
2/25/19,23.2,28.2
2/26/19,25.5,29.8
2/27/19,26.8,30.4
2/28/19,24.6,29.1
3/1/19,12.9,18.5
3/2/19,11.8,17.8
3/3/19,10.9,11.5
3/4/19,8.1,9.9
3/5/19,18,16.7
3/6/19,28.8,28.6
3/7/19,25.3,30.6
3/8/19,22.3,27.3
3/9/19,11.1,16.7
3/10/19,16.2,19.2
3/11/19,19.2,21.9
3/12/19,23.4,25.7
3/13/19,18,24.4
3/14/19,14.2,18.5
3/15/19,18.1,21.4
3/16/19,23.2,24.4
3/17/19,26.2,27.9
3/18/19,25.7,28.8
3/19/19,27.9,28.2
3/20/19,36,31.6
3/21/19,37.9,36.3
3/22/19,28.8,33.3
3/23/19,28,32.5
3/24/19,27.9,30.0
3/25/19,27.7,31.6
3/26/19,34.5,35.2
3/27/19,36.3,38.7
3/28/19,28.6,33.4
3/29/19,23.9,28.8
3/30/19,23.9,27.9
3/31/19,27.1,31.6
4/1/19,26.8,33.1
4/2/19,29.8,32.7
4/3/19,30.4,35.1
4/4/19,32.5,38.5
4/5/19,33.6,38.3
4/6/19,28,34.7
4/7/19,31.3,37.8
4/8/19,34.9,40.5
4/9/19,30.4,35.1
4/10/19,23.9,29.1
4/11/19,21.2,26.2
4/12/19,21.7,28.2
4/13/19,24.4,30.7
4/14/19,27.9,33.4
4/15/19,27.1,34.0
4/16/19,29.7,35.4
4/17/19,29.3,36.3
4/18/19,36.1,41.4
4/19/19,42.4,45.0
4/20/19,41.9,45.0
4/21/19,36,38.5
4/22/19,36.7,38.8
4/23/19,39.2,43.5
4/24/19,38.1,41.5
4/25/19,38.5,40.8
4/26/19,37.2,42.4
4/27/19,33.1,40.3
4/28/19,21.6,28.9
4/29/19,24.6,28.8
4/30/19,23.7,29.1
5/1/19,22.1,28.4
5/2/19,28,34.2
5/3/19,32.9,38.1
5/4/19,38.7,43.5
5/5/19,41.4,45.7
5/6/19,42.8,46.8
5/7/19,35.8,38.1
5/8/19,34,38.3
5/9/19,30,33.8
5/10/19,35.1,38.5
5/11/19,41.4,45.7
5/12/19,46.2,50.4
5/13/19,47.5,50.2
5/14/19,47.1,46.4
5/15/19,46.8,48.9
5/16/19,43,44.4
5/17/19,31.1,37.8
5/18/19,31.1,36.9
5/19/19,34.3,35.8
5/20/19,33.1,34.7
5/21/19,34,37.6
5/22/19,31.5,36.5
5/23/19,32.4,36.0
5/24/19,32.2,37.9
5/25/19,37.8,40.5
5/26/19,42.8,44.6
5/27/19,39.7,39.7
5/28/19,40.8,42.6
5/29/19,43.3,45.1
5/30/19,44.8,46.9
5/31/19,44.6,46.2
6/1/19,46.6,48.2
6/2/19,46.6,49.1
6/3/19,45.3,49.1
6/4/19,49.5,50.0
6/5/19,50.7,52.5
6/6/19,48.4,49.5
6/7/19,37.4,40.8
6/8/19,27.1,33.4
6/9/19,34.9,37.4
6/10/19,43.7,46.6
6/11/19,47.1,50.9
6/12/19,50.9,52.9
6/13/19,48.6,51.4
6/14/19,49.8,52.7
6/15/19,50.4,53.8
6/16/19,49.3,50.4
6/17/19,47.3,47.3
6/18/19,47.1,49.3
6/19/19,45.7,50.2
6/20/19,34.5,41.2
6/21/19,32.2,38.1
6/22/19,35.6,41.9
6/23/19,41.2,46.2
6/24/19,43.9,50.0
6/25/19,48.2,53.1
6/26/19,53.4,57.4
6/27/19,54.3,57.2
6/28/19,56.3,59.5
6/29/19,52.7,58.5
6/30/19,55.6,58.1
7/1/19,55,58.3
7/2/19,56.7,59.9
7/3/19,49.6,55.0
7/4/19,47.1,52.2
7/5/19,47.8,51.6
7/6/19,54.3,56.7
7/7/19,56.3,59.5
7/8/19,46.9,50.7
7/9/19,46.9,50.0
7/10/19,57.7,59.2
7/11/19,62.8,65.3
7/12/19,60.8,63.3
7/13/19,60.4,62.1
7/14/19,58.6,60.3
7/15/19,58.5,59.4
7/16/19,55,59.4
7/17/19,53.4,59.0
7/18/19,56.1,61.7
7/19/19,54.3,60.8
7/20/19,55,59.9
7/21/19,60.3,62.2
7/22/19,62.2,64.9
7/23/19,62.4,63.3
7/24/19,57.2,61.9
7/25/19,57.2,61.3
7/26/19,59.2,60.6
7/27/19,53.6,55.8
7/28/19,56.5,58.5
7/29/19,53.2,53.8
7/30/19,60.4,60.1
7/31/19,61.2,61.9
8/1/19,56.3,58.5
8/2/19,59,57.7
8/3/19,62.8,62.8
8/4/19,60.8,60.1
8/5/19,60.6,61.0
8/6/19,63.1,63.0
8/7/19,59.9,57.6
8/8/19,53.6,54.7
8/9/19,51.6,56.3
8/10/19,57.9,58.6
8/11/19,52.5,56.8
8/12/19,46.9,51.8
8/13/19,52.5,55.2
8/14/19,56.7,59.2
8/15/19,53.8,60.1
8/16/19,51.3,54.9
8/17/19,50.5,54.7
8/18/19,54.1,58.5
8/19/19,61.2,63.0
8/20/19,61.9,63.5
8/21/19,62.4,62.2
8/22/19,54.7,57.2
8/23/19,49.5,53.2
8/24/19,55.6,59.5
8/25/19,53.6,60.1
8/26/19,45.9,50.4
8/27/19,51.4,53.8
8/28/19,58.1,58.5
8/29/19,58.6,59.0
8/30/19,56.1,59.4
8/31/19,57.9,59.4
9/1/19,61.5,62.6
9/2/19,61.3,65.3
9/3/19,60.3,62.2
9/4/19,60.6,61.7
9/5/19,61.5,63.7
9/6/19,50.5,54.7
9/7/19,48.9,53.6
9/8/19,45,45.9
9/9/19,41.2,46.4
9/10/19,40.6,42.8
9/11/19,36.3,40.1
9/12/19,38.8,42.6
9/13/19,45.9,48.6
9/14/19,51.1,54.0
9/15/19,56.7,57.0
9/16/19,53.6,54.1
9/17/19,34.3,39.7
9/18/19,44.8,45.1
9/19/19,45.5,50.0
9/20/19,33.4,37.9
9/21/19,33.4,38.1
9/22/19,39.7,42.4
9/23/19,44.8,47.7
9/24/19,43,48.2
9/25/19,42.3,46.0
9/26/19,43.9,50.0
9/27/19,37.9,41.7
9/28/19,35.2,35.8
9/29/19,28.2,34.3
9/30/19,26.1,31.1
10/1/19,28.6,33.6
10/2/19,24.1,30.2
10/3/19,37,36.3
10/4/19,30.4,35.1
10/5/19,25.2,30.9
10/6/19,27.7,32.0
10/7/19,38.1,38.7
10/8/19,40.6,43.9
10/9/19,20.3,27.1
10/10/19,9.9,16.5
10/11/19,20.1,24.3
10/12/19,32,31.6
10/13/19,37.2,37.6
10/14/19,35.4,39.9
10/15/19,37.6,40.3
10/16/19,43.9,44.8
10/17/19,39,41.0
10/18/19,24.3,30.2
10/19/19,23.7,28.8
10/20/19,20.7,26.1
10/21/19,23.7,29.3
10/22/19,29.7,34.5
10/23/19,21,27.0
10/24/19,22.1,26.6
10/25/19,34.2,36.7
10/26/19,24.1,30.4
10/27/19,8.2,13.1
10/28/19,6.8,10.4
10/29/19,3.2,6.1
10/30/19,6.8,7.7
10/31/19,16.9,18.7
11/1/19,18.1,21.7
11/2/19,25.5,27.7
11/3/19,28.2,33.4
11/4/19,28.8,34.9
11/5/19,30.4,35.2
11/6/19,29.7,33.6
11/7/19,30.7,30.9
11/8/19,34.9,37.0
11/9/19,36.5,40.5
11/10/19,31.6,36.5
11/11/19,23,23.2
11/12/19,29.5,32.4
11/13/19,26.6,32.0
11/14/19,32,31.5
11/15/19,36.7,38.8
11/16/19,26.4,31.8
11/17/19,29.7,34.3
11/18/19,33.4,35.8
11/19/19,34.3,37.0
11/20/19,29.5,31.1
11/21/19,25.5,25.5
11/22/19,22.1,23.2
11/23/19,22.3,25.0
11/24/19,22.8,29.5
11/25/19,13.5,18.5
11/26/19,7.7,10.6
11/27/19,14.2,15.4
11/28/19,19.9,22.5
11/29/19,22.6,24.4
11/30/19,9,14.9
12/1/19,17.8,16.3
12/2/19,23,27.0
12/3/19,22.3,26.8
12/4/19,24.3,25.5
12/5/19,26.1,28.6
12/6/19,24.3,27.1
12/7/19,27,29.7
12/8/19,24.6,28.6
12/9/19,14.7,19.8
12/10/19,17.4,21.0
12/11/19,20.1,23.2
12/12/19,24.1,28.8
12/13/19,18.3,23.4
12/14/19,14.2,17.1
12/15/19,9.1,10.2
12/16/19,5.7,7.7
12/17/19,14,6.8
12/18/19,21.6,18.9
12/19/19,18.5,23.0
12/20/19,24.4,27.3
12/21/19,30.7,28.9
12/22/19,35.4,29.8
12/23/19,29.7,29.1
12/24/19,25,27.9
12/25/19,17.4,20.5
12/26/19,12.9,14.7
12/27/19,9.9,11.3
12/28/19,7.3,8.6
12/29/19,7.3,6.3
12/30/19,10.6,6.4
12/31/19,12.7,14.2
1/1/20,18.9,23.5
1/2/20,16,20.8
1/3/20,21,24.6
1/4/20,19.6,23.7
1/5/20,13.1,17.8
1/6/20,14.4,19.8
1/7/20,23.2,27.9
1/8/20,19.4,23.9
1/9/20,14,18.7
1/10/20,4.3,8.6
1/11/20,14,17.4
1/12/20,11.7,16.5
1/13/20,9.3,13.6
1/14/20,12.7,17.1
1/15/20,9.1,12.2
1/16/20,22.8,20.5
1/17/20,13.8,17.4
1/18/20,13.3,18.0
1/19/20,19.6,19.4
1/20/20,29.7,24.4
1/21/20,25.5,29.1
1/22/20,18.3,23.7
1/23/20,22.8,26.2
1/24/20,25.7,29.5
1/25/20,22.3,27.1
1/26/20,27.1,30.4
1/27/20,20.7,25.3
1/28/20,21.7,26.8
1/29/20,19.9,22.5
1/30/20,17.4,21.6
1/31/20,21.7,22.3
2/1/20,27.9,32.0
2/2/20,25.9,31.3
2/3/20,7.7,11.3
2/4/20,0.1,4.1
2/5/20,7.7,14.7
2/6/20,18.9,24.3
2/7/20,23.2,27.7
2/8/20,19,23.2
2/9/20,10,15.8
2/10/20,11.5,16.2
2/11/20,11.1,15.4
2/12/20,15.3,19.4
2/13/20,15.8,20.1
2/14/20,16.2,20.1
2/15/20,13.3,19.0
2/16/20,18.9,24.3
2/17/20,8.8,12.9
2/18/20,6.3,8.4
2/19/20,4.1,5.7
2/20/20,18,12.6
2/21/20,23.9,23.0
2/22/20,23,25.2
2/23/20,23.5,26.2
2/24/20,10.8,17.6
2/25/20,8.4,14.0
2/26/20,16.5,20.5
2/27/20,20.7,25.0
2/28/20,25.9,28.0
2/29/20,25.5,29.8
3/1/20,16.5,21.7
3/2/20,14.9,20.3
3/3/20,24.1,30.4
3/4/20,24.6,31.8
3/5/20,29.5,30.7
3/6/20,37.6,36.5
3/7/20,35.4,36.3
3/8/20,24.4,30.9
3/9/20,24.1,29.7
3/10/20,23,28.8
3/11/20,28.2,34.7
3/12/20,20.1,26.4
3/13/20,25.9,24.3
3/14/20,27.3,27.9
3/15/20,27.7,32.4
3/16/20,30.4,33.6
3/17/20,32,33.1
3/18/20,26.1,30.7
3/19/20,28,31.5
3/20/20,25.7,29.3
3/21/20,24.4,30.2
3/22/20,24.3,29.5
3/23/20,27,31.5
3/24/20,23.7,31.1
3/25/20,19.6,26.4
3/26/20,15.1,20.7
3/27/20,15.1,20.5
3/28/20,20.8,27.0
3/29/20,25.2,29.7
3/30/20,25.5,32.0
3/31/20,26.2,31.5
4/1/20,19.8,26.4
4/2/20,14,17.6
4/3/20,15.8,19.2
4/4/20,23.4,29.7
4/5/20,30,33.3
4/6/20,29.8,34.7
4/7/20,31.6,37.2
4/8/20,34.7,39.0
4/9/20,39.6,41.7
4/10/20,36.3,43.0
4/11/20,28.4,35.2
4/12/20,11.3,17.4
4/13/20,8.6,16.0
4/14/20,17.4,25.3
4/15/20,23.4,27.9
4/16/20,18.7,22.8
4/17/20,24.1,27.0
4/18/20,31.6,33.4
4/19/20,33.1,38.1
4/20/20,35.1,39.4
4/21/20,37.6,41.9
4/22/20,35.2,40.6
4/23/20,31.1,34.7
4/24/20,30.7,34.7
4/25/20,35.4,40.6
4/26/20,37.6,40.8
4/27/20,37.6,41.2
4/28/20,38.3,43.2
4/29/20,48,48.9
4/30/20,42.1,42.3
5/1/20,37.2,41.7
5/2/20,40.8,43.3
5/3/20,36.3,39.9
5/4/20,31.3,38.1
5/5/20,38.3,42.4
5/6/20,38.3,43.0
5/7/20,28.4,34.7
5/8/20,34.9,37.9
5/9/20,38.5,41.5
5/10/20,44.4,44.1
5/11/20,44.8,43.7
5/12/20,38.7,42.3
5/13/20,31.6,37.2
5/14/20,32.2,37.9
5/15/20,30.7,37.6
5/16/20,37.4,41.5
5/17/20,49.3,49.5
5/18/20,49.8,52.0
5/19/20,45.9,49.6
5/20/20,32.4,38.1
5/21/20,30.4,37.4
5/22/20,32.5,36.5
5/23/20,28.2,33.6
5/24/20,33.3,37.8
5/25/20,40.1,44.2
5/26/20,42.6,45.7
5/27/20,47.8,50.4
5/28/20,53.1,54.3
5/29/20,57.7,57.0
5/30/20,58.1,59.2
5/31/20,53.1,55.8
6/1/20,52.9,55.6
6/2/20,49.3,54.9
6/3/20,49.8,54.9
6/4/20,49.6,54.0
6/5/20,57.9,59.5
6/6/20,46,48.7
6/7/20,31.5,35.4
6/8/20,27.9,33.6
6/9/20,34.7,40.6
6/10/20,43.7,47.5
6/11/20,52,53.2
6/12/20,57.6,58.6
6/13/20,50.4,55.8
6/14/20,37.9,44.6
6/15/20,44.2,49.8
6/16/20,37.9,42.3
6/17/20,31.6,37.0
6/18/20,39,42.6
6/19/20,43.9,47.5
6/20/20,46.4,52.0
6/21/20,47.7,51.6
6/22/20,50.5,54.0
6/23/20,54.1,57.2
6/24/20,56.3,59.2
6/25/20,49.1,50.0
6/26/20,53.8,55.6
6/27/20,55.6,59.4
6/28/20,38.8,43.3
6/29/20,34.3,37.8
6/30/20,34.7,38.7
7/1/20,43,46.2
7/2/20,50,53.8
7/3/20,56.5,59.4
7/4/20,57.2,59.0
7/5/20,55.6,59.5
7/6/20,57,60.3
7/7/20,55.4,58.6
7/8/20,48.7,54.5
7/9/20,55,57.6
7/10/20,56.1,59.5
7/11/20,58.6,61.7
7/12/20,59.5,63.7
7/13/20,52.3,57.2
7/14/20,49.6,53.6
7/15/20,53.1,56.1
7/16/20,56.8,59.5
7/17/20,60.8,63.3
7/18/20,56.1,61.0
7/19/20,56.3,59.0
7/20/20,57.2,59.5
7/21/20,59.2,60.8
7/22/20,57.6,60.4
7/23/20,52.5,57.4
7/24/20,54.3,57.2
7/25/20,55.6,56.1
7/26/20,58.6,58.8
7/27/20,61.5,61.5
7/28/20,50.4,52.3
7/29/20,53.2,56.5
7/30/20,59.7,59.4
7/31/20,64.6,64.0
8/1/20,65.3,66.0
8/2/20,65.7,65.1
8/3/20,63.5,65.1
8/4/20,58.6,61.0
8/5/20,60.6,62.1
8/6/20,60.3,62.1
8/7/20,56.8,59.9
8/8/20,56.5,60.8
8/9/20,55.6,60.6
8/10/20,56.5,59.7
8/11/20,57,60.4
8/12/20,56.3,60.1
8/13/20,55.8,60.8
8/14/20,53.1,57.7
8/15/20,57.7,59.0
8/16/20,61.7,62.8
8/17/20,65.8,66.2
8/18/20,64,66.6
8/19/20,61.9,63.7
8/20/20,59.7,61.9
8/21/20,58.8,61.3
8/22/20,63.9,63.9
8/23/20,63.1,64.9
8/24/20,62.4,61.9
8/25/20,57.6,59.7
8/26/20,57.4,56.8
8/27/20,55.2,57.4
8/28/20,54.7,56.8
8/29/20,56.5,58.6
8/30/20,49.8,54.9
8/31/20,35.8,39.4
9/1/20,42.1,46.6
9/2/20,53.1,56.7
9/3/20,56.7,59.7
9/4/20,61.3,62.2
9/5/20,64.9,66.0
9/6/20,59.2,63.5
9/7/20,44.1,49.3
9/8/20,30.9,30.4
9/9/20,42.1,38.5
9/10/20,48,46.6
9/11/20,47.7,49.8
9/12/20,52.3,53.6
9/13/20,55.6,55.2
9/14/20,57.6,#VALUE!
9/15/20,56.8,#VALUE!
9/16/20,55.9,#VALUE!
9/17/20,57,#VALUE!
9/18/20,56.3,56.1
9/19/20,40.6,44.6
9/20/20,39.7,43.5
9/21/20,49.3,49.6
9/22/20,53.1,53.4
9/23/20,50.4,53.4
9/24/20,51.4,55.0
9/25/20,44.8,50.7
9/26/20,37,42.6
9/27/20,32.9,37.9
9/28/20,38.8,40.5
9/29/20,46.9,46.6
9/30/20,48,49.3
10/1/20,48.6,50.0
10/2/20,48.9,51.4
10/3/20,47.3,49.5
10/4/20,48.7,51.6
10/5/20,46.4,51.3
10/6/20,49.5,50.5
10/7/20,,50.7
10/8/20,50.2,52.0
10/9/20,48.2,51.1
10/10/20,46,48.2
10/11/20,27,32.4
10/12/20,32.7,36.3
10/13/20,38.3,42.4
10/14/20,31.1,37.0
10/15/20,25.5,31.8
10/16/20,32.9,38.5
10/17/20,36.7,42.8
10/18/20,34.7,40.1
10/19/20,36,42.6
10/20/20,34.9,41.7
10/21/20,32.5,39.4
10/22/20,18.1,23.9
10/23/20,21.9,25.9
10/24/20,23.2,27.3
10/25/20,7.9,8.6
10/26/20,15.3,12.4
10/27/20,27.5,25.5
10/28/20,34,31.3
10/29/20,35.8,35.8
10/30/20,38.3,40.1
10/31/20,32,36.0
11/1/20,39.4,37.2
11/2/20,44.4,41.9
11/3/20,43.9,43.7
11/4/20,41.4,45.0
11/5/20,41.7,44.1
11/6/20,43.9,42.1
11/7/20,37.6,39.2
11/8/20,19.6,24.6
11/9/20,12.7,18.3
11/10/20,11.3,17.4
11/11/20,13.8,19.2
11/12/20,10.9,14.0
11/13/20,20.3,23.2
11/14/20,14.5,19.9
11/15/20,22.3,25.9
11/16/20,29.5,33.4
11/17/20,37.9,33.8
11/18/20,32.4,34.5
11/19/20,21,26.2
11/20/20,13.6,18.1
11/21/20,15.3,15.8
11/22/20,24.8,17.8
11/23/20,20.8,23.4
11/24/20,14.4,18.1
11/25/20,17.8,19.9
11/26/20,12.6,16.3
11/27/20,21.7,15.8
11/28/20,23.7,20.5
11/29/20,23.5,18.1
11/30/20,24.4,24.4
12/1/20,14.7,19.4
12/2/20,15.3,12.2
12/3/20,29.5,17.8
12/4/20,34.3,24.8
12/5/20,35.1,27.5
12/6/20,31.6,26.1
12/7/20,33.1,26.2
12/8/20,34.7,29.7
12/9/20,31.5,30.6
12/10/20,20.7,23.5
12/11/20,14.2,18.7
12/12/20,7.9,11.5
12/13/20,11.5,12.7
12/14/20,14.4,16.7
12/15/20,12,16.9
12/16/20,17.8,22.8
12/17/20,22.8,25.5
12/18/20,17.4,21.9
12/19/20,18.1,23.5
12/20/20,23.4,28.8
12/21/20,30.4,34.3
12/22/20,17.1,21.9
12/23/20,4.5,10.8
12/24/20,17.8,10.6
12/25/20,24.4,22.3
12/26/20,22.8,25.9
12/27/20,13.8,16.9
12/28/20,14.4,8.4
12/29/20,13.1,11.3
12/30/20,13.3,15.1
12/31/20,16.2,19.2
1/1/21,17.1,14.7
1/2/21,17.4,21.2
1/3/21,21,25.9
1/4/21,23.4,26.1
1/5/21,17.4,21.6
1/6/21,19.9,17.8
1/7/21,19.2,22.8
1/8/21,15.8,17.4
1/9/21,14.4,12.0
1/10/21,16,9.9
1/11/21,24.1,17.6
1/12/21,25,26.2
1/13/21,21.6,27.5
1/14/21,9.7,17.6
1/15/21,22.1,23.2
1/16/21,19.6,24.1
1/17/21,20.3,25.5
1/18/21,14,18.3
1/19/21,14.4,14.4
1/20/21,17.1,21.6
1/21/21,19.4,25.3
1/22/21,21.6,26.8
1/23/21,18.3,22.1
1/24/21,11.3,15.3
1/25/21,9.7,10.8
1/26/21,12,14.9
1/27/21,15.3,17.4
1/28/21,24.8,22.8
1/29/21,25.7,26.6
1/30/21,17.6,22.6
1/31/21,18.3,19.0
2/1/21,29.7,26.1
2/2/21,30.4,31.5
2/3/21,17.8,22.8
2/4/21,12.6,18.0
2/5/21,15.6,21.2
2/6/21,15.8,21.2
2/7/21,14.7,20.7
2/8/21,12,18.3
2/9/21,15.3,23.5
2/10/21,15.4,23.2
2/11/21,17.1,23.2
2/12/21,19.2,25.3
2/13/21,18.9,21.9
2/14/21,11.5,12.4
2/15/21,15.1,18.3
2/16/21,16.3,21.9
2/17/21,13.1,17.2
2/18/21,8.4,12.9
2/19/21,16,20.7
2/20/21,15.6,20.8
2/21/21,14.4,19.4
2/22/21,21.6,27.7
2/23/21,15.3,21.6
2/24/21,7.7,11.8
2/25/21,7.7,13.3
2/26/21,10.8,16.5
2/27/21,10.4,14.2
2/28/21,10.4,15.1
3/1/21,23.4,21.0
3/2/21,24.3,25.9
3/3/21,30.6,28.8
3/4/21,30,31.1
3/5/21,30.9,30.2
3/6/21,30.6,31.6
3/7/21,27.3,30.9
3/8/21,32.7,35.6
3/9/21,19,26.4
3/10/21,15.4,21.2
3/11/21,18.3,19.4
3/12/21,22.5,22.8
3/13/21,29.5,31.1
3/14/21,33.1,35.4
3/15/21,30.9,34.5
3/16/21,28.4,32.7
3/17/21,28,30.7
3/18/21,31.5,33.8
3/19/21,35.4,38.8
3/20/21,25.3,31.5
3/21/21,18.3,23.7
3/22/21,17.1,23.7
3/23/21,19.4,24.4
3/24/21,16.9,22.3
3/25/21,21,25.7
3/26/21,20.7,27.1
3/27/21,24.8,30.7
3/28/21,32.7,37.6
3/29/21,15.3,21.7
3/30/21,12,19.8
3/31/21,20.8,26.1
4/1/21,36,35.1
4/2/21,39.2,41.9
4/3/21,42.3,44.6
4/4/21,43.3,47.1
4/5/21,33.8,39.7
4/6/21,25,32.2
4/7/21,30.4,35.1
4/8/21,27.1,33.3
4/9/21,22.6,28.2
4/10/21,30.7,36.0
4/11/21,19.2,26.4
4/12/21,19.9,24.8
4/13/21,23.9,27.5
4/14/21,25,25.3
4/15/21,23.5,27.9
4/16/21,25.2,30.2
4/17/21,29.8,32.9
4/18/21,35.2,39.7
4/19/21,24.6,28.4
4/20/21,22.3,25.0
4/21/21,28.6,30.4
4/22/21,31.6,35.2
4/23/21,30.9,34.5
4/24/21,32.5,37.2
4/25/21,29.3,35.1
4/26/21,28.9,33.6
4/27/21,32.7,37.2
4/28/21,36.1,40.6
4/29/21,43.2,45.7
4/30/21,50.2,52.9
5/1/21,46.8,50.0
5/2/21,34.7,38.7
5/3/21,34,36.9
5/4/21,32.5,37.8
5/5/21,36.9,40.5
5/6/21,47.3,48.2
5/7/21,44.6,47.1
5/8/21,23.5,29.5
5/9/21,26.6,31.6
5/10/21,29.8,32.2
5/11/21,31.8,35.8
5/12/21,37.9,41.4
5/13/21,44.1,48.6
5/14/21,44.4,46.8
5/15/21,41.9,43.2
5/16/21,45.9,46.9
5/17/21,47.8,49.6
5/18/21,47.7,50.9
5/19/21,46.6,49.6
5/20/21,39.6,46.6
5/21/21,37.6,38.5
5/22/21,40.3,42.6
5/23/21,30.7,35.6
5/24/21,31.5,35.8
5/25/21,37.2,42.6
5/26/21,34.5,40.3
5/27/21,43,46.0
5/28/21,43.9,48.9
5/29/21,42.1,46.2
5/30/21,46.8,48.7
5/31/21,49.8,51.1
6/1/21,52.2,54.7
6/2/21,55.6,58.1
6/3/21,59.2,61.5
6/4/21,60.4,64.2
6/5/21,56.1,63.0
6/6/21,49.5,56.3
6/7/21,53.1,58.3
6/8/21,55.6,58.5
6/9/21,56.5,58.8
6/10/21,40.3,47.1
6/11/21,40.5,45.5
6/12/21,53.1,56.1
6/13/21,61,62.4
6/14/21,64,65.3
6/15/21,64.2,67.1
6/16/21,58.1,64.8
6/17/21,56.8,62.6
6/18/21,59.4,62.6
6/19/21,59,65.3
6/20/21,51.1,56.3
6/21/21,54,55.9
6/22/21,60.4,64.0
6/23/21,57.4,60.6
6/24/21,51.8,54.5
6/25/21,50.5,52.7
6/26/21,52.5,54.7
6/27/21,54.9,57.9
6/28/21,57.6,61.0
6/29/21,60.6,62.2
6/30/21,59.5,61.9
7/1/21,57,59.7
7/2/21,59.4,62.4
7/3/21,62.4,64.4
7/4/21,62.1,65.3
7/5/21,55.8,57.7
7/6/21,60.8,61.9
7/7/21,63.7,65.3
7/8/21,62.8,67.5
7/9/21,61.2,64.8
7/10/21,59.9,61.5
7/11/21,63.9,63.5
7/12/21,64.2,66.6
7/13/21,63.3,65.1
7/14/21,58.5,61.7
7/15/21,61.2,61.2
7/16/21,61.2,62.2
7/17/21,61.9,65.3
7/18/21,66.2,67.8
7/19/21,65.8,68.0
7/20/21,58.3,59.9
7/21/21,60.8,#VALUE!
7/22/21,59.9,#VALUE!
7/23/21,59.2,61.5
7/24/21,62.2,64.2
7/25/21,62.1,64.0
7/26/21,64.9,66.9
7/27/21,64.4,67.6
7/28/21,59.5,61.0
7/29/21,59.2,58.5
7/30/21,58.3,57.0
7/31/21,58.1,59.5
8/1/21,59.4,62.6
8/2/21,52.9,56.5
8/3/21,52.5,57.7
8/4/21,58.8,61.0
8/5/21,61,62.6
8/6/21,47.1,48.6
8/7/21,50.9,53.8
8/8/21,57.6,61.0
8/9/21,48.9,61.0
8/10/21,52.7,57.6
8/11/21,57.2,61.2
8/12/21,62.1,64.8
8/13/21,63.7,65.5
8/14/21,64.2,65.5
8/15/21,61.5,64.4
8/16/21,62.4,64.8
8/17/21,59.5,62.6
8/18/21,44.1,45.9
8/19/21,40.6,44.8
8/20/21,40.6,43.5
8/21/21,44.2,45.0
8/22/21,44.6,47.7
8/23/21,53.4,55.2
8/24/21,53.2,56.8
8/25/21,56.8,58.3
8/26/21,52,55.4
8/27/21,48.6,53.1
8/28/21,46.9,50.2
8/29/21,52.9,53.4
8/30/21,56.7,57.7
8/31/21,55.9,57.9
9/1/21,52.9,56.1
9/2/21,51.1,50.0
9/3/21,47.8,50.5
9/4/21,50.4,51.4
9/5/21,55.4,57.4
9/6/21,57.2,59.7
9/7/21,57.2,58.8
9/8/21,60.8,59.9
9/9/21,63.3,63.5
9/10/21,58.3,60.3
9/11/21,47.8,52.7
9/12/21,50.5,52.7
9/13/21,48.7,51.4
9/14/21,47.8,50.7
9/15/21,51.3,55.2
9/16/21,49.3,52.7
9/17/21,50.7,52.2
9/18/21,50.2,51.6
9/19/21,34.7,40.3
9/20/21,30.7,33.8
9/21/21,38.5,40.1
9/22/21,47.3,47.8
9/23/21,45,49.5
9/24/21,47.1,48.4
9/25/21,51.3,52.3
9/26/21,52.5,54.9
9/27/21,53.6,54.9
9/28/21,41.5,45.1
9/29/21,33.6,37.8
9/30/21,39.4,41.0
10/1/21,43,44.6
10/2/21,44.1,45.9
10/3/21,45.1,46.4
10/4/21,48.4,48.7
10/5/21,50.7,52.3
10/6/21,42.6,47.5
10/7/21,38.1,41.0
10/8/21,35.8,37.0
10/9/21,32.9,36.1
10/10/21,31.3,35.8
10/11/21,32,34.5
10/12/21,26.4,29.7
10/13/21,19.8,25.9
10/14/21,20.3,25.5
10/15/21,24.1,28.6
10/16/21,35.2,33.8
10/17/21,42.4,41.4
10/18/21,40.1,41.4
10/19/21,37,39.9
10/20/21,34.5,37.8
10/21/21,38.8,40.8
10/22/21,42.1,43.0
10/23/21,28.6,34.5
10/24/21,32.5,34.5
10/25/21,37.6,38.1
10/26/21,26.1,30.7
10/27/21,27.9,32.9
10/28/21,32,37.0
10/29/21,38.3,40.3
10/30/21,36.5,40.8
10/31/21,36.7,36.1
11/1/21,33.6,35.4
11/2/21,31.6,35.2
11/3/21,32.9,34.5
11/4/21,38.3,37.9
11/5/21,34.5,38.3
11/6/21,34.5,39.2
11/7/21,24.1,28.9
11/8/21,22.5,25.5
11/9/21,29.8,30.7
11/10/21,21.2,26.4
11/11/21,22.8,28.6
11/12/21,32.2,35.6
11/13/21,32.5,37.8
11/14/21,34,40.5
11/15/21,37.4,43.3
11/16/21,22.8,29.7
11/17/21,10.4,16.5
11/18/21,27.1,27.3
11/19/21,27.3,31.6
11/20/21,22.5,27.5
11/21/21,18.7,23.0
11/22/21,31.1,28.4
11/23/21,25.2,29.1
11/24/21,14.5,19.6
11/25/21,20.3,20.8
11/26/21,28.9,31.6
11/27/21,27.9,31.6
11/28/21,32.9,37.8
11/29/21,33.6,38.1
11/30/21,28.2,32.9
12/1/21,33.4,35.4
12/2/21,36,39.2
12/3/21,32,35.1
12/4/21,32.4,37.6
12/5/21,23,30.6
12/6/21,19.4,25.7
12/7/21,22.5,28.2
12/8/21,23.2,28.6
12/9/21,15.1,20.8
12/10/21,7.7,13.3
12/11/21,13.1,17.8
12/12/21,21.2,23.9
12/13/21,24.8,27.0
12/14/21,25.7,27.9
12/15/21,9.5,14.9
12/16/21,11.8,16.0
12/17/21,8.2,13.3
12/18/21,12.7,14.0
12/19/21,21.4,23.5
12/20/21,24.8,28.2
12/21/21,24.1,28.9
12/22/21,24.8,30.2
12/23/21,24.1,28.0
12/24/21,19.6,24.6
12/25/21,15.3,19.8
12/26/21,10.8,15.4
12/27/21,7,12.0
12/28/21,-1.5,4.8
12/29/21,5.5,10.0
12/30/21,9.3,14.7
12/31/21,5.7,10.4
1/1/22,-0.9,1.9
1/2/22,12.4,11.5
1/3/22,18.7,20.3
1/4/22,14.4,19.8
1/5/22,14.9,20.5
1/6/22,23,27.5
1/7/22,24.4,28.4
1/8/22,14.5,19.2
1/9/22,14,12.7
1/10/22,22.8,20.8
1/11/22,19.9,21.6
1/12/22,26.1,26.8
1/13/22,30.4,29.5
1/14/22,21.9,23.2
1/15/22,25.7,23.4
1/16/22,26.8,24.1
1/17/22,28,27.1
1/18/22,21,24.1
1/19/22,18.5,21.6
1/20/22,17.1,20.7
1/21/22,17.1,20.3
1/22/22,19,16.7
1/23/22,24.4,22.3
1/24/22,20.3,23.0
1/25/22,12.9,15.6
1/26/22,12.6,14.9
1/27/22,10.9,12.6
1/28/22,21.7,16.7
1/29/22,26.8,24.4
1/30/22,24.3,25.0
1/31/22,13.6,18.1
2/1/22,5,9.7
2/2/22,-1.5,2.1
2/3/22,6.4,8.1
2/4/22,14.5,17.4
2/5/22,15.3,22.6
2/6/22,17.1,20.1
2/7/22,22.8,24.6
2/8/22,22.8,28.2
2/9/22,24.6,31.1
2/10/22,27.3,32.9
2/11/22,19.4,25.7
2/12/22,22.8,22.1
2/13/22,26.2,28.6
2/14/22,28.8,31.6
2/15/22,22.8,28.8
2/16/22,14.9,19.4
2/17/22,13.3,20.1
2/18/22,20.7,25.9
2/19/22,23.4,29.3
2/20/22,23,30.0
2/21/22,11.8,15.6
2/22/22,5.2,1.9
2/23/22,7.9,5.2
2/24/22,-1.5,4.3
2/25/22,-0.2,3.9
2/26/22,9.9,5.9
2/27/22,21.7,20.7
2/28/22,27.9,34.0
3/1/22,32.9,39.9
3/2/22,36.3,41.2
3/3/22,38.3,39.9
3/4/22,32.7,36.7
3/5/22,23.5,28.2
3/6/22,13.5,17.8
3/7/22,8.6,14.0
3/8/22,14.2,20.7
3/9/22,2.3,7.3
3/10/22,-2,3.2
3/11/22,12,17.8
3/12/22,24.3,29.8
3/13/22,23.2,27.3
3/14/22,21.7,26.8
3/15/22,27.5,30.6
3/16/22,22.1,26.2
3/17/22,18.7,23.0
3/18/22,24.1,28.2
3/19/22,30.6,33.1
3/20/22,21.6,27.0
3/21/22,15.8,20.7
3/22/22,23.4,28.0
3/23/22,32.7,36.0
3/24/22,34.7,39.6
3/25/22,38.3,43.7
3/26/22,40.6,46.0
3/27/22,44.4,45.3
3/28/22,40.8,43.9
3/29/22,29.8,35.6
3/30/22,28.8,32.0
3/31/22,23.5,31.6
4/1/22,23.7,30.6
4/2/22,29.1,34.5
4/3/22,28,32.9
4/4/22,27.9,32.0
4/5/22,13.6,21.9
4/6/22,17.4,25.7
4/7/22,30,34.2
4/8/22,40.3,42.4
4/9/22,23.7,31.3
4/10/22,14.4,21.2
4/11/22,19.6,24.3
4/12/22,9.7,15.8
4/13/22,10.8,15.6
4/14/22,18.7,24.3
4/15/22,19.4,25.3
4/16/22,27.3,31.3
4/17/22,19.6,26.6
4/18/22,35.6,37.8
4/19/22,27.9,32.0
4/20/22,27,32.0
4/21/22,35.4,39.2
4/22/22,29.1,34.5
4/23/22,24.4,30.6
4/24/22,26.2,30.7
4/25/22,31.5,35.1
4/26/22,36.7,39.7
4/27/22,34.3,37.2
4/28/22,32,34.2
4/29/22,25.3,31.1
4/30/22,31.5,36.1
5/1/22,35.4,38.7
5/2/22,35.6,40.5
5/3/22,26.2,31.6
5/4/22,36.3,39.0
5/5/22,40.8,44.8
5/6/22,39,44.4
5/7/22,31.3,37.9
5/8/22,24.4,31.3
5/9/22,18.3,24.8
5/10/22,25,30.7
5/11/22,36,39.2
5/12/22,29.7,37.0
5/13/22,30.4,37.0
5/14/22,35.8,39.7
5/15/22,45.5,47.8
5/16/22,49.6,52.9
5/17/22,44.8,48.4
5/18/22,42.4,48.4
5/19/22,29.8,35.4
5/20/22,27.5,32.9
5/21/22,30,34.0
5/22/22,30.4,34.9
5/23/22,33.4,38.3
5/24/22,35.2,37.6
5/25/22,43.5,47.1
5/26/22,49.6,52.3
5/27/22,46.2,49.8
5/28/22,35.2,39.9
5/29/22,31.3,35.6
5/30/22,30.9,35.6
5/31/22,36.9,38.3
6/1/22,39.9,43.0
6/2/22,45.3,47.7
6/3/22,49.6,51.4
6/4/22,44.8,48.7
6/5/22,39.7,43.7
6/6/22,39.7,45.5
6/7/22,40.6,45.3
6/8/22,46.8,50.2
6/9/22,49.1,54.7
6/10/22,53.1,58.6
6/11/22,52.2,58.3
6/12/22,46,52.9
6/13/22,34,39.2
6/14/22,28.9,35.4
6/15/22,37.9,43.3
6/16/22,56.8,56.3
6/17/22,60.3,61.3
6/18/22,54.3,57.7
6/19/22,41.7,44.6
6/20/22,34.5,38.7
6/21/22,44.2,45.9
6/22/22,51.6,54.3
6/23/22,54,57.7
6/24/22,49.3,54.5
6/25/22,47.3,51.1
6/26/22,52.7,54.1
6/27/22,56.7,59.4
6/28/22,59.2,59.5
6/29/22,54.3,59.0
6/30/22,53.6,57.9
7/1/22,56.5,58.6
7/2/22,57.2,57.6
7/3/22,58.6,61.3
7/4/22,55.2,59.4
7/5/22,57.4,60.4
7/6/22,60.6,62.1
7/7/22,61.2,63.5
7/8/22,62.8,64.2
7/9/22,63.9,66.2
7/10/22,57.6,63.1
7/11/22,56.1,60.6
7/12/22,61.5,63.7
7/13/22,62.2,63.1
7/14/22,61.5,63.1
7/15/22,61.2,63.0
7/16/22,62.8,64.0
7/17/22,65.1,68.0
7/18/22,59.5,64.2
7/19/22,56.8,61.9
7/20/22,60.8,64.8
7/21/22,61.3,64.2
7/22/22,63.3,66.9
7/23/22,60.1,63.3
7/24/22,61.2,63.5
7/25/22,57,61.2
7/26/22,60.4,62.8
7/27/22,62.2,64.8
7/28/22,62.2,63.7
7/29/22,62.2,63.5
7/30/22,62.4,64.2
7/31/22,64,66.0
8/1/22,64.2,67.3
8/2/22,52.5,56.1
8/3/22,55.9,57.4
8/4/22,59.4,59.7
8/5/22,52.5,54.7
8/6/22,48.7,51.4
8/7/22,52,54.3
8/8/22,58.6,65.1
8/9/22,63.1,62.2
8/10/22,62.4,65.3
8/11/22,59,62.8
8/12/22,59.9,61.9
8/13/22,56.8,59.0
8/14/22,56.8,57.7
8/15/22,58.6,59.9
8/16/22,61.5,61.9
8/17/22,63.1,63.5
8/18/22,63.5,63.9
8/19/22,58.6,59.0
8/20/22,56.8,58.1
8/21/22,55.2,58.1
8/22/22,59.5,57.2
8/23/22,58.5,55.9
8/24/22,58.5,56.1
8/25/22,55.8,55.4
8/26/22,56.3,57.7
8/27/22,54.7,59.4
8/28/22,50.5,55.6
8/29/22,55.2,56.8
8/30/22,60.3,60.6
8/31/22,63.5,63.1